{
  "B-art": {
    "precision": 0.0,
    "recall": 0.0,
    "f1-score": 0.0,
    "support": 72.0
  },
  "B-eve": {
    "precision": 0.0,
    "recall": 0.0,
    "f1-score": 0.0,
    "support": 76.0
  },
  "B-geo": {
    "precision": 0.0,
    "recall": 0.0,
    "f1-score": 0.0,
    "support": 7501.0
  },
  "B-gpe": {
    "precision": 0.0,
    "recall": 0.0,
    "f1-score": 0.0,
    "support": 3214.0
  },
  "B-nat": {
    "precision": 0.00013719645284807365,
    "recall": 0.2972972972972973,
    "f1-score": 0.0002742663375470616,
    "support": 37.0
  },
  "B-org": {
    "precision": 0.0,
    "recall": 0.0,
    "f1-score": 0.0,
    "support": 3964.0
  },
  "B-per": {
    "precision": 0.0017857142857142857,
    "recall": 0.0002924831822170225,
    "f1-score": 0.0005026388539834129,
    "support": 3419.0
  },
  "B-tim": {
    "precision": 0.0,
    "recall": 0.0,
    "f1-score": 0.0,
    "support": 4124.0
  },
  "I-art": {
    "precision": 0.0,
    "recall": 0.0,
    "f1-score": 0.0,
    "support": 66.0
  },
  "I-eve": {
    "precision": 0.0,
    "recall": 0.0,
    "f1-score": 0.0,
    "support": 58.0
  },
  "I-geo": {
    "precision": 0.007772398506766216,
    "recall": 0.3616010854816825,
    "f1-score": 0.015217701641684511,
    "support": 1474.0
  },
  "I-gpe": {
    "precision": 0.0,
    "recall": 0.0,
    "f1-score": 0.0,
    "support": 32.0
  },
  "I-nat": {
    "precision": 0.0,
    "recall": 0.0,
    "f1-score": 0.0,
    "support": 8.0
  },
  "I-org": {
    "precision": 0.005669949268874963,
    "recall": 0.02895458701615361,
    "f1-score": 0.009482930724695547,
    "support": 3281.0
  },
  "I-per": {
    "precision": 0.02,
    "recall": 0.00029069767441860465,
    "f1-score": 0.0005730659025787965,
    "support": 3440.0
  },
  "I-tim": {
    "precision": 0.005063563887093299,
    "recall": 0.035391566265060244,
    "f1-score": 0.008859566446748351,
    "support": 1328.0
  },
  "O": {
    "precision": 0.8613485563990675,
    "recall": 0.16211214364466844,
    "f1-score": 0.2728684372484969,
    "support": 177772.0
  },
  "accuracy": 0.140599239514738,
  "macro avg": {
    "precision": 0.053045728164727315,
    "recall": 0.05211410944479398,
    "f1-score": 0.018104623950337326,
    "support": 209866.0
  },
  "weighted avg": {
    "precision": 0.7301580533930166,
    "recall": 0.140599239514738,
    "f1-score": 0.23146854533611813,
    "support": 209866.0
  }
}