{
  "B-art": {
    "precision": 0.00041345093715545756,
    "recall": 0.20833333333333334,
    "f1-score": 0.0008252640845070422,
    "support": 72.0
  },
  "B-eve": {
    "precision": 0.0,
    "recall": 0.0,
    "f1-score": 0.0,
    "support": 76.0
  },
  "B-geo": {
    "precision": 0.004624045034177724,
    "recall": 0.0030662578322890282,
    "f1-score": 0.003687374749498998,
    "support": 7501.0
  },
  "B-gpe": {
    "precision": 0.0,
    "recall": 0.0,
    "f1-score": 0.0,
    "support": 3214.0
  },
  "B-nat": {
    "precision": 0.00012999312893461346,
    "recall": 0.1891891891891892,
    "f1-score": 0.0002598077422707197,
    "support": 37.0
  },
  "B-org": {
    "precision": 0.001402524544179523,
    "recall": 0.0002522704339051463,
    "f1-score": 0.00042762454564892024,
    "support": 3964.0
  },
  "B-per": {
    "precision": 0.016490107624985217,
    "recall": 0.285463585843814,
    "f1-score": 0.031179120212120243,
    "support": 3419.0
  },
  "B-tim": {
    "precision": 0.003875968992248062,
    "recall": 0.0009699321047526673,
    "f1-score": 0.0015515903801396431,
    "support": 4124.0
  },
  "I-art": {
    "precision": 0.00516795865633075,
    "recall": 0.030303030303030304,
    "f1-score": 0.008830022075055188,
    "support": 66.0
  },
  "I-eve": {
    "precision": 0.00019743336623889436,
    "recall": 0.017241379310344827,
    "f1-score": 0.00039039625219597894,
    "support": 58.0
  },
  "I-geo": {
    "precision": 0.007488087134104833,
    "recall": 0.007462686567164179,
    "f1-score": 0.007475365273530411,
    "support": 1474.0
  },
  "I-gpe": {
    "precision": 0.0,
    "recall": 0.0,
    "f1-score": 0.0,
    "support": 32.0
  },
  "I-nat": {
    "precision": 0.00011330160888284614,
    "recall": 0.25,
    "f1-score": 0.00022650056625141563,
    "support": 8.0
  },
  "I-org": {
    "precision": 0.00380517503805175,
    "recall": 0.0015239256324291375,
    "f1-score": 0.002176278563656148,
    "support": 3281.0
  },
  "I-per": {
    "precision": 0.016159461898121567,
    "recall": 0.05726744186046512,
    "f1-score": 0.025206320772823237,
    "support": 3440.0
  },
  "I-tim": {
    "precision": 0.02601156069364162,
    "recall": 0.006782215523737754,
    "f1-score": 0.010759115361625823,
    "support": 1327.0
  },
  "O": {
    "precision": 0.8706722349454399,
    "recall": 0.03635678363691595,
    "f1-score": 0.06979896214137989,
    "support": 177766.0
  },
  "accuracy": 0.036767543922347865,
  "macro avg": {
    "precision": 0.056267723741323106,
    "recall": 0.06436541362184534,
    "f1-score": 0.00957610251298257,
    "support": 209859.0
  },
  "weighted avg": {
    "precision": 0.7386032783499282,
    "recall": 0.036767543922347865,
    "f1-score": 0.060374151181131167,
    "support": 209859.0
  }
}