{
  "B-art": {
    "precision": 0.0,
    "recall": 0.0,
    "f1-score": 0.0,
    "support": 72.0
  },
  "B-eve": {
    "precision": 0.5306122448979592,
    "recall": 0.34210526315789475,
    "f1-score": 0.416,
    "support": 76.0
  },
  "B-geo": {
    "precision": 0.7848492044644978,
    "recall": 0.8812158378882816,
    "f1-score": 0.83024555674182,
    "support": 7501.0
  },
  "B-gpe": {
    "precision": 0.8580461587100854,
    "recall": 0.8444306160547604,
    "f1-score": 0.8511839422926141,
    "support": 3214.0
  },
  "B-nat": {
    "precision": 0.36363636363636365,
    "recall": 0.10810810810810811,
    "f1-score": 0.16666666666666666,
    "support": 37.0
  },
  "B-org": {
    "precision": 0.6937874487543362,
    "recall": 0.5549949545913219,
    "f1-score": 0.6166783461807989,
    "support": 3964.0
  },
  "B-per": {
    "precision": 0.8068286681021224,
    "recall": 0.7671833869552501,
    "f1-score": 0.7865067466266866,
    "support": 3419.0
  },
  "B-tim": {
    "precision": 0.8626551538046411,
    "recall": 0.7752182347235693,
    "f1-score": 0.816602809706258,
    "support": 4124.0
  },
  "I-art": {
    "precision": 0.0,
    "recall": 0.0,
    "f1-score": 0.0,
    "support": 66.0
  },
  "I-eve": {
    "precision": 0.3181818181818182,
    "recall": 0.1206896551724138,
    "f1-score": 0.175,
    "support": 58.0
  },
  "I-geo": {
    "precision": 0.7759815242494227,
    "recall": 0.683853459972863,
    "f1-score": 0.7270104579877389,
    "support": 1474.0
  },
  "I-gpe": {
    "precision": 0.9411764705882353,
    "recall": 0.5,
    "f1-score": 0.6530612244897959,
    "support": 32.0
  },
  "I-nat": {
    "precision": 0.0,
    "recall": 0.0,
    "f1-score": 0.0,
    "support": 8.0
  },
  "I-org": {
    "precision": 0.7198100407055631,
    "recall": 0.6467540384029259,
    "f1-score": 0.6813292663348852,
    "support": 3281.0
  },
  "I-per": {
    "precision": 0.7811369509043927,
    "recall": 0.8787790697674419,
    "f1-score": 0.8270861833105335,
    "support": 3440.0
  },
  "I-tim": {
    "precision": 0.8142292490118577,
    "recall": 0.46536144578313254,
    "f1-score": 0.592237661715381,
    "support": 1328.0
  },
  "O": {
    "precision": 0.9821518266751499,
    "recall": 0.9899196723893526,
    "f1-score": 0.9860204510435635,
    "support": 177772.0
  },
  "accuracy": 0.9536942620529291,
  "macro avg": {
    "precision": 0.6019460660403791,
    "recall": 0.5034478672333716,
    "f1-score": 0.5368017242998084,
    "support": 209866.0
  },
  "weighted avg": {
    "precision": 0.9514955906080473,
    "recall": 0.9536942620529291,
    "f1-score": 0.9518407350494432,
    "support": 209866.0
  }
}