{
  "B-art": {
    "precision": 0.5,
    "recall": 0.027777777777777776,
    "f1-score": 0.05263157894736842,
    "support": 72.0
  },
  "B-eve": {
    "precision": 0.5945945945945946,
    "recall": 0.2894736842105263,
    "f1-score": 0.3893805309734513,
    "support": 76.0
  },
  "B-geo": {
    "precision": 0.787066431510876,
    "recall": 0.8924143447540328,
    "f1-score": 0.8364363363738598,
    "support": 7501.0
  },
  "B-gpe": {
    "precision": 0.8939157566302652,
    "recall": 0.8914125700062228,
    "f1-score": 0.8926624084748404,
    "support": 3214.0
  },
  "B-nat": {
    "precision": 0.35,
    "recall": 0.1891891891891892,
    "f1-score": 0.24561403508771928,
    "support": 37.0
  },
  "B-org": {
    "precision": 0.6896337678460583,
    "recall": 0.5605449041372351,
    "f1-score": 0.6184247147230726,
    "support": 3964.0
  },
  "B-per": {
    "precision": 0.8074962518740629,
    "recall": 0.7876572097104416,
    "f1-score": 0.7974533609712763,
    "support": 3419.0
  },
  "B-tim": {
    "precision": 0.8762057877813505,
    "recall": 0.7929194956353055,
    "f1-score": 0.8324847250509165,
    "support": 4124.0
  },
  "I-art": {
    "precision": 0.0,
    "recall": 0.0,
    "f1-score": 0.0,
    "support": 66.0
  },
  "I-eve": {
    "precision": 0.37777777777777777,
    "recall": 0.29310344827586204,
    "f1-score": 0.3300970873786408,
    "support": 58.0
  },
  "I-geo": {
    "precision": 0.7875197472353871,
    "recall": 0.6763907734056988,
    "f1-score": 0.7277372262773723,
    "support": 1474.0
  },
  "I-gpe": {
    "precision": 0.9333333333333333,
    "recall": 0.4375,
    "f1-score": 0.5957446808510638,
    "support": 32.0
  },
  "I-nat": {
    "precision": 0.3333333333333333,
    "recall": 0.125,
    "f1-score": 0.18181818181818182,
    "support": 8.0
  },
  "I-org": {
    "precision": 0.7315683646112601,
    "recall": 0.6653459311185614,
    "f1-score": 0.6968874700718276,
    "support": 3281.0
  },
  "I-per": {
    "precision": 0.7743318204740293,
    "recall": 0.8927325581395349,
    "f1-score": 0.8293275722387253,
    "support": 3440.0
  },
  "I-tim": {
    "precision": 0.8312807881773399,
    "recall": 0.5086661642803316,
    "f1-score": 0.6311360448807855,
    "support": 1327.0
  },
  "O": {
    "precision": 0.9849977057289626,
    "recall": 0.9902062261624832,
    "f1-score": 0.9875950986332728,
    "support": 177766.0
  },
  "accuracy": 0.9566327867758828,
  "macro avg": {
    "precision": 0.6619444388769784,
    "recall": 0.5306078986354825,
    "f1-score": 0.567378297220728,
    "support": 209859.0
  },
  "weighted avg": {
    "precision": 0.9552147771817608,
    "recall": 0.9566327867758828,
    "f1-score": 0.955149709188534,
    "support": 209859.0
  }
}