{
  "B-art": {
    "precision": 0.15384615384615385,
    "recall": 0.027777777777777776,
    "f1-score": 0.047058823529411764,
    "support": 72.0
  },
  "B-eve": {
    "precision": 0.5172413793103449,
    "recall": 0.39473684210526316,
    "f1-score": 0.44776119402985076,
    "support": 76.0
  },
  "B-geo": {
    "precision": 0.794441087613293,
    "recall": 0.8764164778029596,
    "f1-score": 0.8334178498985801,
    "support": 7501.0
  },
  "B-gpe": {
    "precision": 0.8633948108783995,
    "recall": 0.8593652769135034,
    "f1-score": 0.8613753313581787,
    "support": 3214.0
  },
  "B-nat": {
    "precision": 0.43478260869565216,
    "recall": 0.2702702702702703,
    "f1-score": 0.3333333333333333,
    "support": 37.0
  },
  "B-org": {
    "precision": 0.6821471652593486,
    "recall": 0.570635721493441,
    "f1-score": 0.6214285714285714,
    "support": 3964.0
  },
  "B-per": {
    "precision": 0.7928571428571428,
    "recall": 0.779175197426148,
    "f1-score": 0.7859566307715002,
    "support": 3419.0
  },
  "B-tim": {
    "precision": 0.876410531972058,
    "recall": 0.7909796314258002,
    "f1-score": 0.8315065001274535,
    "support": 4124.0
  },
  "I-art": {
    "precision": 0.3076923076923077,
    "recall": 0.06060606060606061,
    "f1-score": 0.10126582278481013,
    "support": 66.0
  },
  "I-eve": {
    "precision": 0.24528301886792453,
    "recall": 0.22413793103448276,
    "f1-score": 0.23423423423423423,
    "support": 58.0
  },
  "I-geo": {
    "precision": 0.759009009009009,
    "recall": 0.6858887381275441,
    "f1-score": 0.7205987170349252,
    "support": 1474.0
  },
  "I-gpe": {
    "precision": 0.8888888888888888,
    "recall": 0.5,
    "f1-score": 0.64,
    "support": 32.0
  },
  "I-nat": {
    "precision": 0.2,
    "recall": 0.25,
    "f1-score": 0.2222222222222222,
    "support": 8.0
  },
  "I-org": {
    "precision": 0.7047677261613692,
    "recall": 0.7028345016763182,
    "f1-score": 0.7037997863573936,
    "support": 3281.0
  },
  "I-per": {
    "precision": 0.7794638340920587,
    "recall": 0.8959302325581395,
    "f1-score": 0.8336489045171761,
    "support": 3440.0
  },
  "I-tim": {
    "precision": 0.8648648648648649,
    "recall": 0.5546345139412208,
    "f1-score": 0.6758494031221304,
    "support": 1327.0
  },
  "O": {
    "precision": 0.986299680475363,
    "recall": 0.989761821720689,
    "f1-score": 0.9880277181909051,
    "support": 177766.0
  },
  "accuracy": 0.9562706388575186,
  "macro avg": {
    "precision": 0.6383170712049515,
    "recall": 0.5548912349929187,
    "f1-score": 0.5812638260553339,
    "support": 209859.0
  },
  "weighted avg": {
    "precision": 0.9553316070225393,
    "recall": 0.9562706388575186,
    "f1-score": 0.9552391685262306,
    "support": 209859.0
  }
}